image_url,product
"https://shop-phinf.pstatic.net/20210118_155/1610943177782O1WUT_JPEG/12079012611837895_1272929187.jpg?type=f295_381",29
"https://shop-phinf.pstatic.net/20210118_155/1610943319950LFr5c_JPEG/12079154582043065_17373399.jpg?type=f295_381",30
"https://shop-phinf.pstatic.net/20210118_177/1610943763740g7QQB_JPEG/12079598554570127_1982250700.jpg?type=f295_381",31
"https://shop-phinf.pstatic.net/20210118_155/1610943177782O1WUT_JPEG/12079012611837895_1272929187.jpg?type=f295_381",32
"https://shop-phinf.pstatic.net/20210118_155/1610943319950LFr5c_JPEG/12079154582043065_17373399.jpg?type=f295_381",33
"https://shop-phinf.pstatic.net/20210118_177/1610943763740g7QQB_JPEG/12079598554570127_1982250700.jpg?type=f295_381",34
"https://shop-phinf.pstatic.net/20210118_155/1610943177782O1WUT_JPEG/12079012611837895_1272929187.jpg?type=f295_381",35
"https://shop-phinf.pstatic.net/20210118_155/1610943319950LFr5c_JPEG/12079154582043065_17373399.jpg?type=f295_381",36
"https://shop-phinf.pstatic.net/20210118_177/1610943763740g7QQB_JPEG/12079598554570127_1982250700.jpg?type=f295_381",37
"https://shop-phinf.pstatic.net/20210118_155/1610943177782O1WUT_JPEG/12079012611837895_1272929187.jpg?type=f295_381",38